,tag_name,followed_by,comment,tag_count,like
0,2021,774304,626,0,50311
1,2021,68438,7,11,1957
2,2021,3122,102,23,595
3,2021,250500,123573,5,8290
4,2021,3578,26,4,365
5,2021,2232,29,20,239
6,2021,1607,18,22,547
7,2021,18025,32,0,400
8,2021,2476,94,13,521
9,Afghanistan,37755,14,26,806
10,Afghanistan,126319,38,29,2527
11,Afghanistan,49102,100,30,3378
12,Afghanistan,470981,20,30,2622
13,Afghanistan,291348,87,30,5547
14,Afghanistan,37757,3,26,884
15,Afghanistan,249229,109,30,5635
16,Afghanistan,37759,58,26,6259
17,Afghanistan,45293,8,8,646
18,Albania,4470,18,30,971
19,Albania,1879,12,28,2548
20,Albania,130642,23,29,1894
21,Albania,2674,1,28,189
22,Albania,13679,21,32,277
23,Albania,2186,8,26,285
24,Albania,24808,187,30,2659
25,Albania,8466,17,21,947
26,Albania,10342,0,24,631
27,Algeria,19684,33,33,467
28,Algeria,1777,4,0,180
29,Algeria,630561,173,29,5698
30,Algeria,2132,23,31,618
31,Algeria,487423,206,30,6392
32,Algeria,940123,68,30,2782
33,Algeria,33517,6,30,242
34,Algeria,370824,181,30,4480
35,amazon,139995,165,28,6486
36,amazon,45179,89,29,1443
37,amazon,23356,23,0,336
38,amazon,898,17,15,305
39,amazon,277736,88,30,5073
40,amazon,47225,47,1,1520
41,amazon,4753,58,18,2188
42,amazon,89448,53,4,8359
43,amazon,6251,4,0,227
44,amazon,139996,165,28,6486
45,amazon,45179,89,29,1443
46,amazon,23356,23,0,336
47,amazon,898,17,15,305
48,amazon,277737,88,30,5073
49,amazon,47225,47,1,1520
50,amazon,4753,58,18,2189
51,amazon,89448,53,4,8359
52,amazon,6251,4,0,227
53,Angola,157281,45,26,5458
54,Angola,64897,148,30,1631
55,Angola,10206,8,24,501
56,Angola,500819,36,0,5111
57,Angola,157281,31,26,2621
58,Angola,1158,15,0,119
59,Angola,500819,68,0,6573
60,Angola,157281,31,26,2103
61,Angola,2669,13,3,324
62,animal,136553,63,31,2121
63,animal,3345,8,30,285
64,animal,1912,13,30,333
65,animal,568183,39,0,7166
66,animal,30872,15,18,2685
67,animal,353447,23,30,3728
68,animal,326048,19,1,4068
69,animal,2516,9,25,202
70,animal,352201,75,30,9540
71,arab,29124,56,0,1460
72,arab,331906,37,29,8535
73,arab,14188,23,0,129
74,arab,97207,22,1,1845
75,arab,10168,675,0,390
76,arab,940120,68,30,2778
77,arab,548040,53,1,3499
78,Argentina,31243,30,22,2422
79,Argentina,1314,5,23,356
80,Argentina,1432,3,6,171
81,Argentina,50252,89,4,3112
82,Argentina,1156,11,7,186
83,Argentina,189200,39,14,5682
84,Argentina,50751,10,15,1223
85,Argentina,2968,10,26,463
86,artwork,42251,18,30,1065
87,artwork,3391,4,29,194
88,artwork,10889,94,0,6540
89,artwork,16825,33,21,1137
90,artwork,18376,17,17,955
91,artwork,9598,25,30,679
92,artwork,133780,68,14,9813
93,artwork,13354,31,30,3142
94,artwork,2842,7,30,451
95,asia,1029983,163,22,25306
96,asia,72380,36,25,3361
97,asia,132737,24,19,3975
98,asia,7997,122,16,450
99,asia,2405,4,0,209
100,asia,1029983,210,25,13442
101,asia,125045,16,2,4165
102,asia,3708,38,16,730
103,asia,1923,19,20,209
104,Australia,5716,13,20,587
105,Australia,5729,54,31,367
106,Australia,1609,31,0,447
107,Australia,57751,42,24,4681
108,Australia,229699,27,1,2149
109,Australia,1228227,188,30,37808
110,Australia,7685,11,3,855
111,Australia,3210,6,28,259
112,Australia,1123,8,14,926
113,Austria,4921,40,21,2015
114,Austria,1436,13,25,214
115,Austria,7096,28,7,469
116,Austria,605,1,30,146
117,Austria,3305,60,22,225
118,Austria,4709,25,26,716
119,Austria,14853,101,0,1380
120,Austria,6651,34,29,293
121,Austria,398889,49,30,9767
122,Belgium,47938,10,15,1618
123,Belgium,2654,42,26,408
124,Belgium,1119,4,16,265
125,Belgium,1557,27,23,320
126,Belgium,9304,34,16,440
127,Belgium,9304,45,17,501
128,Belgium,47837,24,0,1363
129,Belgium,1801,23,7,314
130,Belgium,1228224,188,30,37810
131,bitcoin,329068,579,29,5438
132,bitcoin,123708,241,28,1848
133,bitcoin,54431,273,31,3708
134,bitcoin,54431,224,31,3941
135,bitcoin,54431,222,31,4387
136,bitcoin,50804,303,27,650
137,bitcoin,173547,149,1,1646
138,bitcoin,6165,156,4,491
139,bitcoin,600026,474,30,3260
140,blockchain,173547,312,2,5710
141,blockchain,173547,282,1,4178
142,blockchain,123708,35,19,1451
143,blockchain,173547,149,1,1646
144,blockchain,2665,42,8,508
145,blockchain,203987,248,14,2850
146,blockchain,950933,163,12,5285
147,blockchain,950933,106,9,4580
148,blockchain,123708,57,19,1255
149,Brazil,303765,68,27,13665
150,Brazil,8664,20,19,894
151,Brazil,59702,104,0,13500
152,Brazil,12336,44,8,723
153,Brazil,1192,27,0,314
154,Brazil,101049,117,18,9002
155,Brazil,2611,9,12,243
156,Brazil,13402,70,6,1218
157,Brazil,128171,9,20,741
158,buy,25226,32,30,557
159,buy,1329,14,26,126
160,buy,25226,17,30,301
161,buy,2721,9,11,200
162,buy,8347,8,29,205
163,buy,25226,8,30,341
164,buy,25226,7,30,308
165,buy,2146,6,12,153
166,buy,2449,34,26,266
167,Cameroon,1048,0,13,1100
168,Cameroon,15439,23,25,1202
169,Cameroon,77317,47,25,2240
170,Cameroon,3511,14,9,439
171,Cameroon,46796,26,25,1308
172,Cameroon,3167,15,1,310
173,Cameroon,3655,27,9,265
174,Cameroon,3655,7,10,242
175,Cameroon,36973,79,8,1326
176,canada,19833,88,26,6297
177,canada,1550,61,7,271
178,canada,6240,49,27,864
179,canada,1608,31,0,447
180,canada,383938,189,0,13658
181,canada,3527,17,6,267
182,canada,214869,70,29,7681
183,canada,17927,92,29,2072
184,canada,177476,141,32,7302
185,cat,193843,35,30,4504
186,cat,26215,92,29,592
187,cat,1027,8,19,226
188,cat,702009,221,0,15194
189,cat,591078,19,0,2097
190,cat,11983373,178,1,40387
191,cat,226531,23,0,8823
192,cat,373569,33,25,2910
193,cat,51837,19,30,3112
194,ceo,801,58,5,264
195,ceo,9174,114,0,446
196,ceo,529408,231,30,12701
197,ceo,123511,73,28,1098
198,ceo,626536,259,27,18855
199,ceo,3066,9,13,121
200,ceo,529408,90,27,5485
201,ceo,77075,27,1,2424
202,ceo,9439,22,30,233
203,chef,224898,31,19,3020
204,chef,23134,37,0,3075
205,chef,55564,82,30,6095
206,chef,5049,11,18,209
207,chef,11096,15,0,243
208,chef,34082,60,25,1271
209,chef,2179,8,26,172
210,chef,152709,14,1,1971
211,chef,15141,20,30,515
212,chigago,12091,11,5,397
213,chigago,8101,13,13,182
214,chigago,2775,2,14,185
215,chigago,4826,17,28,131
216,chigago,1527,5,7,145
217,chigago,7204,8,11,194
218,chigago,527,7,25,113
219,chigago,3506,16,5,196
220,chigago,1346,3,14,154
221,Chile,4311,12,24,467
222,Chile,14118,11,0,281
223,Chile,1069,18,26,260
224,Chile,5340,18,25,307
225,Chile,3911,9,27,325
226,Chile,3384,3,30,433
227,Chile,1314,5,23,356
228,Chile,3573,36,30,941
229,Chile,4441,9,21,270
230,china,249115,66,30,10533
231,china,780934,32,23,7054
232,china,1755,42,30,348
233,china,192335,65,0,7279
234,china,1755,27,30,293
235,china,2518,20,0,662
236,china,1287,35,30,1238
237,china,1755,14,30,313
238,china,24739,64,0,2254
239,club,2379,3,31,538
240,club,38273,32,14,3730
241,club,525,7,19,170
242,club,3495,7,0,171
243,club,1399,38,4,253
244,club,41305,34,0,1068
245,club,5128,9,17,365
246,club,7224,104,24,2798
247,club,2052,5,30,202
248,collection,2224,20,2,241
249,collection,1617,42,18,248
250,collection,1759,13,12,558
251,collection,88296,3,11,249
252,collection,1919,4,29,148
253,collection,5729,8,5,225
254,collection,10097,11,19,2360
255,collection,27057,2,11,507
256,collection,1108,9,25,159
257,Computer,211094,35,23,5285
258,Computer,7717,46,22,307
259,Computer,211094,9,23,2809
260,Computer,134909,68,30,6682
261,Computer,211920,37,28,8376
262,Computer,288516,97,22,4797
263,Computer,41037,12,0,2141
264,Computer,196131,27,30,4577
265,Computer,1820,5,26,231
266,dairyfree,175384,89,30,1499
267,dairyfree,162136,92,0,3144
268,dairyfree,57794,56,0,2051
269,dairyfree,4509,10,25,151
270,dairyfree,359918,90,23,6341
271,dairyfree,3009,22,29,161
272,dairyfree,2279,12,0,168
273,dairyfree,36614,69,0,1786
274,dairyfree,2234,8,20,132
275,dog,5575,18,32,473
276,dog,160449,21,28,1387
277,dog,588118,24,30,3578
278,dog,9672,81,26,413
279,dog,173644,64,2,2625
280,dog,8394,13,30,248
281,dog,29182,26,0,1776
282,dog,5864,17,4,198
283,dog,7999,12,29,311
284,Ecuador,10387,32,18,1576
285,Ecuador,10849,42,30,1320
286,Ecuador,2630,9,30,173
287,Ecuador,4121,5,0,501
288,Ecuador,5103,3,30,316
289,Ecuador,860,7,28,284
290,Ecuador,5141,12,26,399
291,Ecuador,593800,97,30,8232
292,Ecuador,21879,14,30,530
293,Egypt,2378143,136,4,32318
294,Egypt,1209,12,0,155
295,Egypt,29425,15,21,662
296,Egypt,839,14,13,237
297,Egypt,14946,32,6,815
298,Egypt,4025,6,5,186
299,Egypt,5654,28,9,1655
300,Egypt,11666,25,21,682
301,Egypt,14414,11,14,736
302,europe,1784,6,30,537
303,europe,442723,179,30,22821
304,europe,4538,15,2,919
305,europe,1142,37,22,244
306,europe,1839,5,26,411
307,europe,1919,17,14,322
308,europe,3251,21,16,301
309,europe,440948,89,29,13032
310,europe,18397,21,12,1812
311,films,45902,30,17,2401
312,films,615537,883,1,30542
313,films,83883,42,0,4638
314,films,33486,7,17,582
315,films,25001,42,28,2668
316,films,25001,5,18,694
317,films,51429,11,1,1331
318,films,51429,9,0,2241
319,fish,3513,28,12,370
320,fish,12357,16,1,3546
321,fish,1090600,20,17,6615
322,fish,3892,32,22,387
323,fish,1259,7,29,392
324,fish,1442,7,7,301
325,fish,91105,63,23,4821
326,fish,2563,28,26,693
327,fish,8826,8,30,348
328,florida,5401,72,30,566
329,florida,2626,17,0,173
330,florida,119326,20,0,1978
331,florida,8944,26,26,500
332,florida,8017,33,30,1375
333,florida,2943,16,0,164
334,florida,8889,3,26,529
335,florida,12055,16,30,1394
336,florida,204517,135,0,4509
337,food,70008,60,22,7793
338,food,26593,70,30,885
339,food,81567,191,27,2455
340,food,571284,73,1,15563
341,food,41152,22,1,2363
342,food,331950,52,29,9243
343,food,337686,146,0,6551
344,food,20575,55,25,1088
345,food,78891,43,17,2142
346,football,121500,91,5,3010
347,football,174573,67,10,7365
348,football,854046,98,28,7539
349,football,4258,19,21,123
350,football,25015,12,0,1204
351,football,134487,62,30,4294
352,football,5216,4,0,162
353,football,108782,34,0,1484
354,football,6335,5,4,154
355,forex,56578,49,22,2833
356,forex,56578,37,22,2454
357,forex,56578,46,22,1941
358,forex,55911,42,22,2100
359,forex,239850,242,0,4126
360,forex,248082,296,29,6491
361,forex,1288,479,29,726
362,forex,197570,328,10,2721
363,forex,37913,311,30,1932
364,forex,40926,261,30,1678
365,forexlife,76869,212,0,2266
366,forexlife,127308,38,0,1137
367,forexlife,40934,203,30,1646
368,forexlife,127308,183,0,1940
369,forexlife,104865,120,16,1470
370,forexlife,113350,73,23,1107
371,forexlife,33229,39,30,2076
372,forexlife,41000,117,20,1070
373,forexlife,197186,310,12,3552
374,game,37808,22,27,421
375,game,2705,14,30,479
376,game,3523,4,30,139
377,game,1032,10,1,132
378,game,1214,28,17,128
379,game,1863,2,15,122
380,game,1808,4,18,142
381,game,8426,11,2,2223
382,game,46480,69,12,3289
383,germany,921,19,20,303
384,germany,165121,68,17,9668
385,germany,2690,36,22,382
386,germany,193321,203,0,14351
387,germany,1329,4,15,303
388,germany,73454,316,0,17529
389,germany,212112,649,17,16653
390,germany,6851,149,27,2487
391,germany,2799,11,13,256
392,girl,4379,68,30,935
393,girl,165123,68,17,9655
394,girl,6451,43,22,932
395,girl,2550,18,25,587
396,girl,2917,52,13,2177
397,girl,7342,160,28,534
398,girl,2080,15,22,257
399,girl,1603,45,26,366
400,girls,935663,334,28,4604
401,girls,4379,68,30,935
402,girls,1648,41,30,907
403,girls,77591,312,28,13615
404,girls,35670,174,29,7597
405,girls,13726,26,0,462
406,girls,14904,38,0,684
407,girls,20843,384,22,10988
408,girls,6963,17,19,718
409,god,221326,299,0,12877
410,god,581825,300,0,23671
411,god,311085,416,0,17199
412,god,1100564,72,0,22929
413,god,314117,100,0,13907
414,god,5168,36,30,1997
415,god,226114,582,23,17440
416,god,575867,421,0,20688
417,god,581826,167,0,18549
418,goldenretriever,167422,72,0,5588
419,goldenretriever,5927,97,4,5652
420,goldenretriever,229687,49,30,5544
421,goldenretriever,7100,57,30,2165
422,goldenretriever,16869,64,30,6422
423,goldenretriever,15194,17,0,945
424,goldenretriever,2154,76,22,299
425,goldenretriever,5927,72,4,3598
426,goldenretriever,2024,9,30,460
427,Greece,267795,62,1,4505
428,Greece,229227,90,30,6451
429,Greece,50967,42,0,6644
430,Greece,25467,48,30,3902
431,Greece,17877,131,0,1408
432,Greece,10647,156,19,3470
433,Greece,12100,9,30,1030
434,Greece,21343,33,30,2800
435,Greece,1346,2,31,272
436,gym,676425,162,1,14653
437,gym,14439,16,31,243
438,gym,8006,50,30,215
439,gym,30340,11,19,251
440,gym,120920,9,29,275
441,gym,3521,18,26,182
442,gym,16721,8,16,137
443,gym,17596,24,30,498
444,gym,120920,7,29,209
445,hard,61965,36,22,3726
446,hard,2822,15,27,208
447,hard,1209,21,20,220
448,hard,3717,5,21,230
449,hard,2018,4,24,238
450,hard,3107,9,30,167
451,hard,122110,146,22,14325
452,hard,18087,20,22,272
453,hard,122110,116,22,12082
454,home,214668,28,1,6105
455,home,4326,43,30,379
456,home,588319,61,28,12613
457,home,135881,19,0,2116
458,home,530769,154,15,25767
459,home,2625,33,22,566
460,home,15415,13,14,680
461,home,18815,32,8,757
462,home,15899,65,22,528
463,house,321001,29,29,2964
464,house,900462,114,10,19325
465,house,1272500,97,23,14143
466,house,640189,54,1,13631
467,house,632626,134,8,18897
468,house,2378103,136,4,32273
469,house,25039,24,30,907
470,house,887076,66,1,15942
471,house,562679,61,1,8617
472,iran,1441,47,18,412
473,iran,2369,47,1,2895
474,iran,58158,41,6,3661
475,iran,29543,240,8,7071
476,iran,728828,58,9,7797
477,iran,26033,77,22,3106
478,iran,88133,16,17,1065
479,iran,58670,137,15,7797
480,iran,90965,60,25,4226
481,Iraq,730,3,28,169
482,Iraq,4903,23,25,285
483,Iraq,52417,77,19,2426
484,Iraq,63822,79,25,4504
485,Iraq,2395,16,28,201
486,Iraq,487973,87,21,2997
487,Iraq,3424,22,25,304
488,Iraq,1077,15,19,308
489,Iraq,14034,6,27,381
490,Israel,124961,82,30,5366
491,Israel,3603,38,30,835
492,Israel,12324,86,28,5604
493,Israel,40031,27,30,1877
494,Israel,4890,10,28,365
495,Israel,699,12,0,187
496,Israel,3055,3,11,162
497,Israel,1133,4,8,205
498,Israel,21241,159,0,3221
499,japan,78063,41,30,12125
500,japan,13317,32,0,1456
501,japan,58595,59,0,3595
502,japan,2179,32,0,298
503,japan,643982,51,20,12397
504,japan,38065,78,16,1031
505,japan,21521,14,0,3537
506,japan,5721,17,11,604
507,jumper,732,8,23,204
508,jumper,89855,20,22,3213
509,jumper,2329,44,23,125
510,jumper,40743,114,13,358
511,jumper,13939,21,0,185
512,jumper,9037,14,20,160
513,jumper,4658,9,0,1391
514,jumper,1365,6,6,191
515,jumper,1422,10,15,130
516,lazday,886,10,5,171
517,lazday,1353,0,2,114
518,lazday,3320,2,16,102
519,lazday,7440,11,19,672
520,lazday,928,6,4,60
521,lazday,1071,2,15,13
522,lazday,4258,12,25,151
523,lazday,913,14,9,259
524,lazday,3289,0,1,338
525,london,3405,16,14,385
526,london,3369,54,29,474
527,london,53709,92,0,1312
528,london,3604,19,2,724
529,london,4166,23,34,612
530,london,5991,29,12,398
531,london,6288,106,30,784
532,london,54023,20,15,1411
533,love,9087,39,15,1942
534,love,2022,40,0,659
535,love,84307,100,30,4270
536,love,7879,123,30,2528
537,love,4591,23,30,1286
538,love,10457,10,28,791
539,love,6835,16,0,781
540,love,85136,126,0,5924
541,love,8779,18,30,922
542,mensstyle,5279,12,27,353
543,mensstyle,901929,31,29,2746
544,mensstyle,1520,4,27,237
545,mensstyle,2390,10,29,222
546,mensstyle,34476,17,18,364
547,mensstyle,56537,8,3,505
548,mensstyle,614130,13,29,1771
549,mensstyle,41563,9,0,510
550,mensstyle,209443,20,1,2801
551,messi,684484,13,31,3268
552,messi,755081,80,0,19064
553,messi,375116,174,0,28290
554,messi,855620,46,30,12083
555,messi,331842,18,0,9815
556,messi,375118,28,0,5277
557,messi,75761,62,0,16748
558,messi,193138,36,0,9413
559,messi,916433,44,0,12678
560,Mexico,15158,21,27,1958
561,Mexico,28874,49,0,2294
562,Mexico,9042,278,13,2375
563,Mexico,2742,118,29,462
564,Mexico,14885,63,0,1612
565,Mexico,1366,48,30,2239
566,Mexico,2006,14,18,922
567,Mexico,50648,30,1,612
568,Mexico,24728,11,30,942
569,minesota,59857,97,28,5871
570,minesota,2373,9,27,121
571,minesota,1156,37,0,112
572,minesota,3424,23,21,143
573,minesota,1327,6,30,313
574,minesota,1291,8,31,363
575,minesota,2102,6,29,134
576,minesota,1214,2,10,131
577,minesota,1182,3,1,139
578,Morocco,4237,15,19,720
579,Morocco,2099,10,27,655
580,Morocco,2073,1,30,196
581,Morocco,2220,6,31,302
582,Morocco,46240,22,35,2448
583,Morocco,67812,18,30,1424
584,Morocco,341528,41,30,8061
585,Morocco,11632,123,17,2392
586,Morocco,13940,51,1,609
587,movie,173603,255,1,13405
588,movie,615539,883,1,30542
589,movie,57226,47,30,2123
590,movie,49010,33,3,2788
591,movie,57226,49,30,2789
592,movie,57226,104,30,7632
593,movie,7829,83,28,3802
594,movie,67663,35,18,3681
595,NBA,170478,11,32,2179
596,NBA,209437,88,0,8946
597,NBA,4006,7,30,114
598,NBA,175716,92,0,6133
599,NBA,119411,26,6,2373
600,NBA,49668,19,0,1945
601,NBA,5299,8,0,1505
602,NBA,4929,2,30,166
603,NBA,127324,52,0,4939
604,Netherlands,626462,77,22,17576
605,Netherlands,3600,58,0,560
606,Netherlands,626462,57,22,10375
607,Netherlands,95815,49,22,4325
608,Netherlands,626462,45,22,10428
609,Netherlands,1139,35,14,183
610,Netherlands,9240,18,20,829
611,Netherlands,6662,82,0,1241
612,Netherlands,626463,71,22,10251
613,newyear,25664,130,13,7660
614,newyear,1835,17,30,1671
615,newyear,787,33,27,1141
616,newyear,2753,33,0,473
617,newyear,774285,626,0,50227
618,newyear,2042,32,19,1895
619,newyear,4538,15,2,919
620,newyear,3483,13,32,510
621,newyear,4683,27,18,492
622,newyork,352849,46,29,4605
623,newyork,66667,25,0,961
624,newyork,212053,85,0,4439
625,newyork,5965,5,30,265
626,newyork,2921,20,31,138
627,newyork,2033,82,30,226
628,newyork,56606,15,27,354
629,newyork,8429,4,30,189
630,newyork,174631,23,22,2707
631,newyork,353833,143,29,20637
632,newyork,66656,36,0,1917
633,newyork,213022,138,0,9809
634,newyork,6111,8,30,1155
635,newyork,2926,44,0,303
636,newyork,2068,130,30,582
637,newyork,56570,41,27,1948
638,newyork,8480,11,30,534
639,newyork,174851,70,22,11118
640,New_Zealand,12192,34,0,453
641,New_Zealand,3286,16,22,162
642,New_Zealand,6074,13,30,1199
643,New_Zealand,1834,8,0,313
644,New_Zealand,292577,78,30,4752
645,New_Zealand,1709,2,8,189
646,New_Zealand,963,1,30,196
647,New_Zealand,1503,20,30,182
648,New_Zealand,1834,32,0,162
649,Oman,4570,12,11,276
650,Oman,72364,137,30,8299
651,Oman,2274,17,5,404
652,Oman,946,43,5,227
653,Oman,1442,16,16,617
654,Oman,48076,170,0,1471
655,Oman,7735,7,30,414
656,Oman,198525,109,0,2968
657,Oman,1489,2,26,243
658,Pakistan,321889,84,44,2682
659,Pakistan,3933,42,27,292
660,Pakistan,1403603,55,4,2612
661,Pakistan,1403603,69,4,3116
662,Pakistan,1403603,79,4,4960
663,Pakistan,1403603,70,4,5619
664,Pakistan,1403602,50,4,2286
665,Pakistan,587305,42,30,10142
666,Pakistan,1403602,54,4,3705
667,pasta,92206,70,30,3292
668,pasta,60239,54,29,4354
669,pasta,134949,247,21,10189
670,pasta,150483,41,21,3580
671,pasta,16447,200,26,3518
672,pasta,571285,73,1,15574
673,pasta,179145,83,20,3213
674,pasta,67226,12,24,900
675,pasta,42039,14,1,774
676,perfumes,34038,55,30,1918
677,perfumes,283391,118,0,7638
678,perfumes,13865,21,30,498
679,perfumes,12560,136,30,1111
680,perfumes,1683,14,15,176
681,perfumes,28155,53,14,1332
682,perfumes,24602,4,4,264
683,perfumes,14802,44,17,1036
684,perfumes,16266,8,2,488
685,Philippines,174828,52,8,5557
686,Philippines,66509,26,0,2874
687,Philippines,30122,83,30,5446
688,Philippines,6620,8,15,486
689,Philippines,20585,143,0,2511
690,Philippines,4049,13,30,260
691,Philippines,3197,13,30,221
692,Philippines,1231,34,26,165
693,Philippines,7528,20,0,2617
694,photography,12440,67,30,4679
695,photography,30298,128,29,1668
696,photography,7879,123,30,2529
697,photography,102908,110,30,3781
698,photography,4591,23,30,1286
699,photography,7527,60,31,1876
700,photography,4616,48,30,1024
701,photography,17927,92,29,2072
702,photography,233534,290,29,12010
703,play,98751,22,1,2587
704,play,4194,10,0,163
705,play,35747,38,26,244
706,play,4967,15,23,138
707,play,695187,46,30,1661
708,play,26378,63,7,1894
709,play,9846,13,0,308
710,play,174358,6,11,1393
711,play,30388,84,1,1071
712,Poland,10448,37,30,1059
713,Poland,9457,92,30,1138
714,Poland,1442,12,4,391
715,Poland,1605,13,16,372
716,Poland,1742,26,14,270
717,Poland,13687,10,6,649
718,Poland,1317,19,30,451
719,Poland,2644,12,30,434
720,Poland,6281,13,0,295
721,Portugal,4977,34,2,689
722,Portugal,10050,28,30,1562
723,Portugal,26884,24,25,3272
724,Portugal,11888,138,16,1382
725,Portugal,4159,7,10,391
726,Portugal,5820,5,28,322
727,Portugal,10954,11,30,447
728,Portugal,3078,37,2,256
729,Portugal,5820,6,28,346
730,programing,420298,44,30,6687
731,programing,205334,65,29,7314
732,programing,420300,161,30,20403
733,programing,420299,42,30,7161
734,programing,22154,23,24,1101
735,programing,420299,43,27,6034
736,programing,205334,36,29,3564
737,programing,420300,82,30,7476
738,programing,205334,80,29,6820
739,puppy,6268,19,30,550
740,puppy,1526,27,0,440
741,puppy,5622,54,32,962
742,puppy,1517,46,29,272
743,puppy,5015,45,30,585
744,puppy,8559,90,30,9901
745,puppy,6255,24,29,685
746,puppy,4373,28,30,533
747,puppy,3587,50,28,628
748,Qatar,72368,137,30,8299
749,Qatar,9387,76,30,316
750,Qatar,3921,6,30,182
751,Qatar,6570,67,3,417
752,Qatar,331490,207,30,11674
753,Qatar,8809,6,31,327
754,Qatar,30369,204,28,1388
755,Qatar,8168,5,0,801
756,Qatar,5221,18,27,250
757,qoute,1681068,70,0,4623
758,qoute,947,9,23,164
759,qoute,1120,18,15,204
760,qoute,5817,37,19,349
761,qoute,1179,3,17,346
762,qoute,22043,56,20,1955
763,qoute,4287,1,32,231
764,qoute,646,43,14,115
765,qoute,70516,13,30,1382
766,recipes,1090600,20,17,6615
767,recipes,659389,452,20,32906
768,recipes,564986,59,0,9618
769,recipes,2182202,56,31,6117
770,recipes,67637,12,30,797
771,recipes,1560976,53,19,8381
772,recipes,422938,42,30,2687
773,recipes,37517,217,0,32558
774,recipes,6697,34,25,494
775,Romania,1341,3,16,289
776,Romania,108478,27,28,6687
777,Romania,16333,63,27,4633
778,Romania,78780,13,1,3143
779,Romania,1669,23,15,412
780,Romania,739,5,12,176
781,Romania,2442,4,30,242
782,Romania,2123,11,30,311
783,Romania,11293,13,29,705
784,ronaldo,2611,26,27,5649
785,ronaldo,25163,26,30,6154
786,ronaldo,865862,37,0,15659
787,ronaldo,201387,26,0,1863
788,ronaldo,42858,7,12,2641
789,ronaldo,1056045,419,24,37926
790,ronaldo,382748,28,0,5039
791,ronaldo,87620,85,22,4593
792,ronaldo,193136,36,0,9318
793,sale,18216,24,30,950
794,sale,69024,17,25,361
795,sale,212627,15,27,848
796,sale,2393,15,27,389
797,sale,2074,7,0,860
798,sale,42733,28,30,1987
799,sale,282095,28,30,4741
800,sale,7873,6,29,131
801,sale,109523,2,22,177
802,sea,924,7,6,219
803,sea,7218,97,25,3322
804,sea,426,10,30,436
805,sea,198866,94,0,10438
806,sea,6784,85,24,947
807,sea,13373,15,23,800
808,sea,1731,48,30,1245
809,sea,4716,3,12,280
810,sea,3229,5,28,371
811,see,2891,8,3,135
812,see,1038,12,25,423
813,see,83929,41,27,4388
814,see,326,11,28,392
815,see,3013,14,30,486
816,see,1610,30,30,370
817,see,916,5,13,233
818,see,49625,88,30,1026
819,see,2726,34,30,443
820,sell,730,0,31,137
821,sell,1329,14,26,126
822,sell,31382,8,29,159
823,sell,25226,32,30,557
824,sell,25226,17,30,301
825,sell,4762,28,28,241
826,sell,1395,24,28,120
827,sell,2146,6,12,153
828,sell,25226,28,30,314
829,Senegal,3418,4,29,123
830,Senegal,9418,52,0,1185
831,Senegal,112413,78,17,3251
832,Senegal,8338,5,33,295
833,Senegal,182829,37,30,3136
834,Senegal,112413,62,17,2752
835,Senegal,907856,111,17,7381
836,Senegal,306583,64,17,3644
837,Senegal,104856,23,26,1371
838,seo,1384,3,31,144
839,seo,553380,91,30,10230
840,seo,609183,66,4,599
841,seo,4180,11,0,144
842,seo,3293,40,0,171
843,seo,553380,210,30,13162
844,seo,553380,48,30,9342
845,seo,1354,39,0,139
846,seo,2935,9,22,141
847,Serbia,30659,28,30,4739
848,Serbia,11464,17,8,1627
849,Serbia,26229,38,24,3089
850,Serbia,1437,12,22,511
851,Serbia,2548,8,30,233
852,Serbia,6832,79,28,2412
853,Serbia,2409,33,30,289
854,Serbia,3725,3,14,651
855,Serbia,1009,3,3,122
856,sky,581,18,30,630
857,sky,3758,80,30,1020
858,sky,12438,67,30,4690
859,sky,426,10,30,436
860,sky,7873,123,30,2536
861,sky,20767,171,0,8924
862,sky,1124,44,30,1229
863,sky,326094,163,0,23297
864,sky,1294,22,30,263
865,snake,136557,23,31,3696
866,snake,136557,115,30,8465
867,snake,593215,17,19,5642
868,snake,89932,12,8,3251
869,snake,2734,4,29,134
870,snake,136557,13,30,3777
871,snake,26216,18,0,3064
872,snake,179653,30,24,5550
873,snake,593215,171,15,17284
874,snow,166874,30,28,1562
875,snow,243011,912,30,68265
876,snow,106290,151,20,8886
877,snow,2653,42,26,408
878,snow,117806,242,30,11651
879,snow,23699,174,0,1473
880,snow,6074,12,30,435
881,snow,1512,27,6,294
882,snow,69721,175,0,5043
883,soft,65998,142,0,10995
884,soft,2739,93,29,234
885,soft,92165,92,22,26395
886,soft,145872,72,0,15949
887,soft,814,39,26,264
888,soft,3109,8,26,169
889,soft,1481,2,33,553
890,soft,95247,92,11,30337
891,soft,340591,166,0,37076
892,Spain,138783,519,6,25397
893,Spain,72214,14,0,1319
894,Spain,72214,70,0,4839
895,Spain,11009,44,0,527
896,Spain,54861,14,0,983
897,Spain,7217,97,25,3321
898,Spain,2917,52,13,2180
899,Spain,438,43,26,485
900,Spain,3383,9,20,259
901,sport,3,0,30,8
902,sport,84,0,23,6
903,sport,546,0,30,17
904,sport,76,0,14,11
905,sport,82,0,5,7
906,sport,42795,6,28,515
907,sport,4158,15,0,364
908,sport,385902,21,0,1771
909,sport,1893,13,3,132
910,stock,55933,92,25,3501
911,stock,389275,154,27,1995
912,stock,12443,46,28,1273
913,stock,229755,15,23,2858
914,stock,12443,36,28,1489
915,stock,60529,121,27,1596
916,stock,12443,32,28,1275
917,stock,8061,27,24,417
918,stock,8593,3,27,320
919,summer,3728,18,0,495
920,summer,1192,27,0,313
921,summer,9141,24,28,870
922,summer,79325,25,0,1341
923,summer,3228,5,28,366
924,summer,1449,10,1,413
925,summer,169221,18,19,6423
926,summer,115253,73,0,2726
927,summer,1688,15,29,258
928,swim,11922,29,31,641
929,swim,271721,320,30,14326
930,swim,5308,9,22,165
931,swim,3966,13,10,240
932,swim,3947,14,26,457
933,swim,5032,9,3,227
934,swim,1267,9,11,186
935,swim,2246,19,30,170
936,swim,4407,11,26,249
937,tattooart,2399,8,31,1020
938,tattooart,9281,26,30,977
939,tattooart,83953,15,30,1985
940,tattooart,2985,8,30,318
941,tattooart,293599,3,23,1297
942,tattooart,45221,26,29,6169
943,tattooart,6884,16,28,746
944,tattooart,84250,47,30,5227
945,tattooart,72833,46,0,3340
946,Thailand,2631,64,30,379
947,Thailand,7296,35,0,3618
948,Thailand,82882,48,29,5931
949,Thailand,564791,97,0,6960
950,Thailand,2711,25,1,380
951,Thailand,1777,15,8,352
952,Thailand,437904,196,0,15795
953,Thailand,46520,30,26,1492
954,Thailand,2810,23,31,230
955,travel,17805,25,30,413
956,travel,166750,12,28,619
957,travel,852548,60,2,9309
958,travel,153187,7,30,1505
959,travel,4555,8,30,275
960,travel,141651,21,31,1906
961,travel,4062,5,30,367
962,travel,81311,29,0,1098
963,travel,9096,25,24,155
964,trump,3575,50,2,1204
965,trump,61075,177,1,4565
966,trump,110660,143,0,7475
967,trump,641710,339,0,14160
968,trump,641710,488,0,17746
969,trump,369260,30,30,2521
970,trump,42444,74,1,2151
971,trump,4690,7,29,642
972,trump,48051,95,25,1555
973,Turkey,57192,105,0,1215
974,Turkey,46145,26,29,1502
975,Turkey,109332,24,25,4115
976,Turkey,299424,287,0,11186
977,Turkey,587305,59,30,12503
978,Turkey,5468,26,13,347
979,Turkey,1403610,70,4,5620
980,Turkey,1403611,54,4,3705
981,Turkey,1403612,50,4,2286
982,Ukraine,1301,14,22,251
983,Ukraine,1927,4,18,238
984,Ukraine,44870,7,18,1099
985,Ukraine,1798,17,16,1190
986,Ukraine,2398,15,29,297
987,Ukraine,1948,19,30,258
988,Ukraine,11517,47,0,758
989,Ukraine,1785,5,30,520
990,Ukraine,1950,126,19,759
991,university,21177,53,34,2170
992,university,2602,5,14,303
993,university,27278,19,0,4264
994,university,2065,21,31,240
995,university,2728,12,3,441
996,university,4360,2,31,408
997,university,102493,41,31,5857
998,university,1050,19,10,311
999,university,4464,13,30,496
1000,university,21177,53,34,2170
1001,university,2602,5,14,303
1002,university,27277,19,0,4265
1003,university,2065,21,31,240
1004,university,2728,12,3,441
1005,university,4360,2,31,408
1006,university,102493,41,31,5859
1007,university,1050,19,10,311
1008,university,4464,13,30,496
1009,USA,362268,31,30,3658
1010,USA,3585,6,2,215
1011,USA,3714,14,16,222
1012,USA,5712,8,30,153
1013,USA,124858,9,29,819
1014,USA,3478,7,32,193
1015,USA,3252,4,16,163
1016,USA,174629,21,22,2528
1017,USA,2794,34,30,419
1018,Uzbekistan,37597,11,29,854
1019,Uzbekistan,334106,625,0,3891
1020,Uzbekistan,83323,113,28,2857
1021,Uzbekistan,37597,15,29,666
1022,Uzbekistan,24569,14,30,1134
1023,Uzbekistan,48519,65,0,1923
1024,Uzbekistan,37255,44,34,4318
1025,Uzbekistan,123299,138,19,12395
1026,Uzbekistan,37599,13,29,653
1027,water,9813,10,17,656
1028,water,65625,11,23,979
1029,water,1762,6,26,145
1030,water,191854,887,30,27433
1031,water,1923,38,22,475
1032,water,292576,83,30,6084
1033,water,2498,60,21,435
1034,water,1610,30,30,370
1035,water,899,10,30,174
1036,wolf,73020,45,30,11642
1037,wolf,1089,4,17,264
1038,wolf,993,6,27,504
1039,wolf,1171,24,30,619
1040,wolf,1088,6,26,237
1041,wolf,908,6,25,254
1042,wolf,119894,193,12,8102
1043,wolf,35853,47,32,2616
1044,wolf,3244,26,30,889
1045,women,719015,276,2,23910
1046,women,1127,14,23,217
1047,women,1049,31,24,193
1048,women,1732,8,31,182
1049,women,85838,40,14,799
1050,women,1102,20,28,188
1051,women,6962,6,19,289
1052,women,7239,8,0,185
1053,women,2884,1,8,161
1054,word,64212,112,0,4278
1055,word,16954,10,18,525
1056,word,142075,82,10,3804
1057,word,64213,57,0,2859
1058,word,84531,27,21,5393
1059,word,47107,32,0,3068
1060,word,85122,28,22,3068
1061,word,1024,15,19,147
1062,word,3653,4,7,113
1063,workathome,64366,26,24,4676
1064,workathome,1868,102,29,653
1065,workathome,11634,9,13,550
1066,workathome,1868,67,29,618
1067,workathome,3800,43,29,198
1068,workathome,33337,124,30,4893
1069,workathome,4249,8,13,184
1070,workathome,6227,13,16,151
1071,workathome,3161,4,18,345
1072,workonline,1101,48,19,286
1073,workonline,7536,32,21,1091
1074,workonline,23237,22,19,1144
1075,workonline,1899,17,7,170
1076,workonline,17988,21,11,644
1077,workonline,792,23,0,154
1078,workonline,6467,12,0,248
1079,workonline,2688,104,0,335
1080,workonline,5053,21,31,619
1081,world,350999,116,2,12643
1082,world,11212,10,0,1313
1083,world,11321,13,30,523
1084,world,163344,79,30,7280
1085,world,1904,24,30,378
1086,world,632440,156,29,19547
1087,world,5004,69,30,2501
1088,world,935539,123,2,13007
1089,world,164830,56,0,7605
1090,world,351000,116,2,12643
1091,world,11212,10,0,1315
1092,world,11321,13,30,523
1093,world,163345,79,30,7281
1094,world,1904,24,30,378
1095,world,632446,156,29,19552
1096,world,5004,69,30,2501
1097,world,935537,123,2,13007
1098,world,164830,56,0,7606
1099,2021,166,1,6,31
1100,2021,7045,0,28,16
1101,2021,2566,7,28,31
1102,2021,3057,10,23,243
1103,2021,321,3,30,17
1104,2021,333,3,30,13
1105,2021,359,0,1,38
1106,2021,687,5,18,57
1107,2021,1849,0,8,23
1108,2021,7324,1,28,50
1109,2021,7,1,19,5
1110,2021,872,3,18,70
1111,2021,1082,2,11,17
1112,2021,78,2,14,13
1113,2021,136,4,23,30
1114,2021,1398,0,16,6
1115,2021,1660,25,17,158
1116,2021,9729,3,4,38
1117,amazon,737,0,16,1
1118,amazon,7308,0,31,11
1119,amazon,55249,3,27,173
1120,amazon,17811,1,27,50
1121,amazon,969,0,16,4
1122,amazon,552,0,7,5
1123,amazon,784,0,19,32
1124,amazon,1422,0,2,6
1125,amazon,504,0,10,5
1126,amazon,8270,0,12,123
1127,amazon,731,3,30,115
1128,amazon,909,1,4,9
1129,amazon,149,2,19,21
1130,amazon,3863,0,19,3
1131,amazon,18871,0,30,17
1132,amazon,128,0,31,5
1133,amazon,233,16,25,33
1134,amazon,698,3,6,25
1135,amazon,1462,2,30,86
1136,amazon,787,0,29,29
1137,amazon,737,0,16,1
1138,amazon,7309,0,31,11
1139,amazon,55249,3,27,173
1140,amazon,17811,1,27,50
1141,amazon,969,0,16,4
1142,amazon,552,0,7,5
1143,amazon,784,0,19,32
1144,amazon,1422,0,2,6
1145,amazon,504,0,10,5
1146,amazon,8270,0,12,123
1147,amazon,731,3,30,115
1148,amazon,909,1,4,9
1149,amazon,149,2,19,21
1150,amazon,3863,0,19,3
1151,amazon,18871,0,30,17
1152,amazon,128,0,31,5
1153,amazon,233,16,25,33
1154,amazon,698,3,6,25
1155,amazon,1462,2,30,87
1156,amazon,787,0,29,29
1157,animal,712,0,27,22
1158,animal,1235,6,21,31
1159,animal,245,0,26,10
1160,animal,12514,7,30,246
1161,animal,1180,0,21,3
1162,animal,104,2,29,10
1163,animal,39,2,8,3
1164,animal,4648,0,25,63
1165,animal,5008,0,29,6
1166,arab,86187,14,27,568
1167,arab,44073,5,53,368
1168,arab,4357,0,31,10
1169,arab,158,4,25,13
1170,arab,49,0,31,9
1171,arab,415,1,24,48
1172,arab,44073,3,53,448
1173,arab,44073,4,53,346
1174,arab,686,0,28,5
1175,arab,187668,98,50,7586
1176,arab,605,2,23,65
1177,arab,326,0,10,51
1178,arab,21,0,27,6
1179,arab,11983,2,30,23
1180,arab,44073,2,53,397
1181,arab,1133,21,30,94
1182,arab,5335,30,7,86
1183,arab,347,7,25,55
1184,artwork,470,0,31,36
1185,artwork,80,0,27,65
1186,artwork,2274,5,30,76
1187,artwork,34,0,25,8
1188,artwork,33,0,11,3
1189,artwork,27,0,30,9
1190,artwork,359,0,13,13
1191,artwork,483,15,14,62
1192,artwork,57,0,23,15
1193,artwork,10,0,30,12
1194,artwork,6393,8,30,92
1195,artwork,511,4,23,64
1196,artwork,15,0,20,15
1197,artwork,1039,3,24,48
1198,artwork,937,0,26,67
1199,artwork,482,1,21,175
1200,artwork,467,1,19,29
1201,artwork,555,1,13,17
1202,asia,1538,0,30,34
1203,asia,61,0,30,15
1204,asia,143,4,30,21
1205,asia,62,0,29,14
1206,asia,2463,0,16,10
1207,asia,110,0,23,14
1208,asia,192,1,5,20
1209,asia,177,1,17,18
1210,asia,0,0,6,0
1211,asia,1201,1,20,67
1212,asia,3973,66,36,387
1213,asia,1865,6,0,244
1214,asia,62,0,29,9
1215,asia,99,2,3,5
1216,bitcoin,683,0,12,14
1217,bitcoin,112,1,5,7
1218,bitcoin,111853,126,6,1169
1219,bitcoin,187,0,11,2
1220,bitcoin,3,0,28,7
1221,bitcoin,73,2,26,9
1222,bitcoin,1213,0,30,9
1223,blockchain,926,0,30,16
1224,blockchain,15,0,30,4
1225,blockchain,62,0,23,4
1226,blockchain,1347,1,0,4
1227,buy,2748,1,13,13
1228,buy,2,0,30,3
1229,buy,2,0,30,3
1230,buy,37,1,0,1
1231,buy,2,0,30,4
1232,buy,126,1,20,12
1233,buy,261,0,8,2
1234,buy,911,0,8,3
1235,buy,2,0,30,3
1236,buy,29,0,18,8
1237,buy,952,0,30,9
1238,buy,3918,1,20,54
1239,buy,102,0,12,5
1240,buy,2,0,30,3
1241,buy,6285,6,29,56
1242,buy,52,0,30,7
1243,buy,1094,0,29,33
1244,buy,2,0,30,3
1245,buy,951,0,5,16
1246,canada,10571,0,28,8
1247,canada,273,5,7,24
1248,canada,356,0,30,36
1249,canada,209,1,5,19
1250,canada,119,0,9,6
1251,canada,810,0,26,58
1252,canada,714,0,27,3
1253,canada,603,0,30,10
1254,canada,156,0,22,1
1255,canada,68,6,30,17
1256,canada,201,1,0,9
1257,canada,455,0,15,9
1258,canada,557,0,26,7
1259,canada,1,0,26,2
1260,canada,322,1,20,61
1261,canada,4341,0,10,28
1262,canada,1181,0,105,57
1263,canada,9887,0,33,59
1264,canada,2957,0,30,21
1265,cat,549,1,4,42
1266,cat,183,0,21,12
1267,cat,9355,1,30,90
1268,cat,1482,1,30,38
1269,cat,4875,0,29,10
1270,cat,76,0,30,10
1271,cat,509,3,29,24
1272,cat,1251,0,30,118
1273,cat,716,2,30,38
1274,cat,113,0,22,18
1275,ceo,116,1,29,13
1276,ceo,473,0,9,19
1277,ceo,417,0,25,8
1278,ceo,390,0,26,20
1279,ceo,5142,0,19,16
1280,ceo,1182,1,1,11
1281,ceo,2284,0,5,4
1282,ceo,5477,3,21,16
1283,ceo,3018,4,26,135
1284,ceo,3774,0,17,59
1285,chigago,49,1,0,2
1286,chigago,46,7,28,20
1287,chigago,1165,0,21,20
1288,chigago,46,4,28,23
1289,chigago,613,4,28,46
1290,chigago,86,1,13,24
1291,chigago,149,0,10,10
1292,chigago,46,4,28,17
1293,chigago,1995,0,28,78
1294,chigago,46,3,28,20
1295,china,176,0,19,2
1296,china,34,0,16,14
1297,china,740,0,19,32
1298,china,1046,7,25,49
1299,china,368,0,30,27
1300,china,26,1,30,10
1301,china,580,0,24,39
1302,china,810,0,29,37
1303,china,594,2,16,46
1304,china,180,0,26,9
1305,china,99,0,22,12
1306,china,1445,14,30,1636
1307,china,1035,0,23,54
1308,china,1244,2,2,90
1309,china,264,3,30,41
1310,china,401,1,33,47
1311,china,1748,0,30,18
1312,china,1376,0,31,31
1313,china,2020,5,30,193
1314,collection,1179,0,32,36
1315,collection,766,0,14,10
1316,collection,515,1,30,52
1317,collection,238,0,31,16
1318,collection,766,0,14,22
1319,collection,45601,2,24,63
1320,collection,460,1,23,12
1321,collection,198,0,18,2
1322,collection,75,1,18,11
1323,collection,129,0,22,20
1324,collection,4266,1,20,55
1325,collection,1081,6,27,95
1326,collection,330,0,5,55
1327,collection,166,0,4,1
1328,collection,150,1,23,10
1329,collection,73,0,16,1
1330,collection,97,0,24,14
1331,collection,533,8,14,21
1332,collection,895,2,18,35
1333,Computer,100,0,30,3
1334,Computer,25619,14,30,583
1335,Computer,568,0,14,7
1336,Computer,720,0,30,12
1337,Computer,286,0,5,0
1338,Computer,4175,0,30,32
1339,Computer,65,0,24,4
1340,Computer,102,0,12,4
1341,Computer,2023,0,13,9
1342,Computer,9,0,16,4
1343,dog,1004,0,6,3
1344,dog,344,1,30,27
1345,dog,476,2,26,15
1346,dog,9355,1,30,90
1347,dog,1235,6,21,31
1348,dog,2867,9,30,105
1349,dog,3491,2,27,77
1350,dog,167,1,23,12
1351,dog,3,1,5,9
1352,dog,111,0,22,13
1353,europe,327,1,13,14
1354,europe,10571,0,28,8
1355,europe,348,2,22,19
1356,europe,465,0,22,50
1357,europe,1083,0,20,5
1358,europe,666,0,30,17
1359,europe,62,0,29,9
1360,europe,26047,2,30,338
1361,europe,15096,0,30,21
1362,europe,26,0,9,7
1363,europe,1556,0,12,42
1364,europe,1030,0,31,259
1365,europe,126,0,22,35
1366,europe,72,0,30,13
1367,florida,2543,2,11,17
1368,florida,13076,0,12,35
1369,florida,4692,0,8,35
1370,florida,806,0,31,6
1371,florida,545,0,27,12
1372,florida,334,1,11,14
1373,florida,408,0,28,3
1374,florida,86,0,5,13
1375,football,84,0,23,6
1376,football,9448,4,27,184
1377,football,174,0,31,4
1378,football,28601,0,6,267
1379,football,2,0,27,4
1380,football,1128,2,15,38
1381,football,50655,16,30,4207
1382,football,131057,37,5,2430
1383,football,415,0,8,4
1384,football,9,1,29,1
1385,forex,10820,0,55,3
1386,forex,3,0,28,7
1387,forex,73,2,26,9
1388,forex,1213,0,30,9
1389,forex,14,0,11,3
1390,forex,313,2,30,11
1391,forex,161,0,21,16
1392,forex,341,0,15,6
1393,forexlife,341,0,15,6
1394,forexlife,3,2,30,18
1395,forexlife,4368,4,29,87
1396,game,476,0,13,24
1397,game,318,0,11,11
1398,game,1711,0,25,6
1399,game,845,0,26,0
1400,game,7,1,14,9
1401,game,25617,14,30,572
1402,game,50655,16,30,4214
1403,game,1300,9,30,63
1404,game,506,2,22,20
1405,game,27920,0,21,15
1406,girl,96,0,15,18
1407,girl,10992,7,6,115
1408,girl,3657,0,26,52
1409,girl,496,0,30,20
1410,girl,540,1,24,80
1411,girl,1308,6,29,48
1412,girl,58,0,14,12
1413,girl,1690,1,24,152
1414,girl,244,3,24,2
1415,girl,807,1,25,8
1416,girl,198,2,13,36
1417,girl,1333,0,21,9
1418,girl,2917,0,30,47
1419,girl,292,0,30,7
1420,girl,3319,4,12,52
1421,girl,644,4,26,80
1422,girl,2147,2,8,26
1423,girl,1056,1,11,40
1424,girl,692,0,30,8
1425,girls,807,0,25,4
1426,girls,349,8,12,41
1427,girls,1311,0,13,44
1428,girls,5,1,26,6
1429,girls,674,2,30,21
1430,girls,89338,0,25,41
1431,girls,92,2,21,18
1432,girls,203,9,20,30
1433,girls,1160,12,31,157
1434,girls,31,0,30,2
1435,girls,482,0,30,31
1436,girls,84,1,28,15
1437,girls,245,0,16,6
1438,girls,2417,0,31,90
1439,girls,20,0,16,1
1440,girls,124611,9,25,1087
1441,girls,183,1,16,5
1442,girls,64,0,14,23
1443,girls,2085,12,31,164
1444,god,74,1,30,7
1445,god,1427,0,30,19
1446,god,24,0,26,3
1447,god,6854,8,30,85
1448,god,3729,1,15,27
1449,god,996,5,28,115
1450,god,2534,2,29,15
1451,god,265,0,30,15
1452,god,24,2,26,4
1453,god,105,2,20,8
1454,god,7535,15,6,317
1455,god,187,1,27,9
1456,god,24,0,26,4
1457,god,3514,0,29,52
1458,god,427,0,24,41
1459,god,500,0,19,5
1460,god,48,1,18,1
1461,god,95,0,3,5
1462,goldenretriever,82,4,9,21
1463,goldenretriever,139,1,19,28
1464,goldenretriever,364,0,3,11
1465,goldenretriever,719,0,2,35
1466,goldenretriever,1143,4,30,350
1467,goldenretriever,166,2,28,24
1468,goldenretriever,97,1,2,30
1469,goldenretriever,73,2,9,8
1470,goldenretriever,75,0,13,7
1471,goldenretriever,899,6,7,87
1472,goldenretriever,6299,17,26,113
1473,goldenretriever,1587,1,28,44
1474,goldenretriever,121,0,3,17
1475,goldenretriever,1893,12,15,168
1476,goldenretriever,135,0,5,20
1477,goldenretriever,5661,3,23,236
1478,goldenretriever,1432,24,5,69
1479,goldenretriever,1780,2,23,256
1480,goldenretriever,278,1,5,20
1481,goldenretriever,382,1,3,33
1482,gym,12580,2,22,143
1483,gym,4915,0,30,12
1484,gym,1227,0,11,9
1485,gym,445,1,23,12
1486,gym,25,1,30,9
1487,gym,330,1,29,7
1488,gym,4342,0,30,25
1489,gym,3234,0,30,10
1490,gym,3,0,30,8
1491,gym,84,0,23,6
1492,hard,62,0,7,4
1493,hard,229,0,6,6
1494,hard,54,0,9,8
1495,hard,396,0,25,18
1496,hard,396,0,25,16
1497,hard,402811,40,3,1535
1498,hard,616,0,5,35
1499,hard,396,3,25,25
1500,hard,398,0,21,4
1501,hard,613,14,29,20
1502,hard,902,0,8,33
1503,hard,5926,1,24,248
1504,hard,2145,4,22,61
1505,hard,157,5,31,24
1506,hard,180,8,23,9
1507,hard,555,3,18,127
1508,hard,287,1,6,11
1509,hard,9835,1,12,12
1510,hard,98,1,15,8
1511,hard,3,1,16,2
1512,home,106,2,28,65
1513,home,3614,4,11,171
1514,home,228,9,24,28
1515,home,208,0,5,9
1516,home,116,2,30,19
1517,home,2743,0,10,1
1518,home,4828,3,30,23
1519,home,5503,0,25,87
1520,home,82,0,30,14
1521,home,268,1,22,15
1522,home,2097,3,27,22
1523,home,316,0,29,8
1524,home,27822,1,30,18
1525,home,19858,1,28,244
1526,home,62,0,29,14
1527,home,60,3,6,29
1528,home,9923,0,11,7
1529,home,446,5,8,27
1530,home,2788,1,19,23
1531,house,51,0,18,24
1532,house,2390,11,33,262
1533,house,102,1,30,24
1534,house,204,0,13,5
1535,house,82,0,30,14
1536,house,58,0,13,25
1537,house,358,5,33,17
1538,house,3144,0,24,48
1539,house,232,0,15,35
1540,house,36,0,3,9
1541,house,82,0,25,6
1542,house,554,1,30,102
1543,house,91,3,30,16
1544,house,381,0,18,29
1545,house,18238,2,8,24
1546,house,58,0,13,14
1547,house,748,0,21,9
1548,house,96,0,26,16
1549,house,5,2,29,14
1550,house,28,1,0,13
1551,iran,29183,0,3,562
1552,iran,335,8,29,52
1553,iran,506876,1,27,16
1554,iran,242,31,21,128
1555,iran,727,0,39,109
1556,iran,9334,1,3,16
1557,iran,1023,1,30,5
1558,iran,10959,0,30,156
1559,iran,93,0,3,16
1560,iran,137,2,27,5
1561,iran,936,6,15,76
1562,iran,114,0,9,38
1563,iran,70302,0,21,373
1564,iran,1124,0,13,117
1565,iran,2516,25,21,328
1566,iran,26,0,13,12
1567,iran,389,1,8,52
1568,japan,58,0,29,7
1569,japan,1316,2,30,21
1570,japan,260,0,17,8
1571,japan,265,0,4,26
1572,japan,30976,12,3,394
1573,japan,58,0,29,9
1574,japan,91,0,22,9
1575,japan,155,1,14,26
1576,japan,143,0,28,10
1577,japan,762,5,30,66
1578,japan,3337,0,29,30
1579,japan,717,11,28,114
1580,japan,21630,15,30,1490
1581,japan,6248,0,30,21
1582,japan,34,1,15,23
1583,japan,1201,1,20,67
1584,japan,16,0,30,17
1585,jumper,96,0,13,0
1586,jumper,504,2,7,33
1587,jumper,1317,19,20,99
1588,jumper,2266,3,26,86
1589,jumper,1095,0,12,1
1590,jumper,38,0,26,8
1591,jumper,908,0,7,7
1592,jumper,732,0,10,5
1593,jumper,3752,1,0,12
1594,jumper,23,0,11,1
1595,lazday,526,0,2,1
1596,lazday,10809,62,0,373
1597,lazday,215,0,16,15
1598,lazday,10809,96,0,461
1599,lazday,517,0,20,2
1600,lazday,10809,74,0,499
1601,lazday,5363,1,12,209
1602,lazday,46154,2,29,1376
1603,lazday,2764,0,29,110
1604,lazday,2764,0,29,78
1605,lazday,5363,0,29,132
1606,lazday,49083,6,29,624
1607,lazday,2128,23,29,542
1608,lazday,1114,1,15,218
1609,lazday,10809,237,26,935
1610,lazday,249,0,3,29
1611,lazday,10913,34,11,199
1612,lazday,1,0,11,3
1613,lazday,2463,7,25,301
1614,lazday,495,12,1,87
1615,london,126,0,25,7
1616,london,43,0,27,30
1617,london,6419,34,21,361
1618,london,26,0,17,3
1619,london,208,0,16,1
1620,london,221,0,23,5
1621,london,1368,2,30,21
1622,london,56,2,17,10
1623,london,2979,7,31,282
1624,london,1673,0,30,35
1625,london,281,1,7,23
1626,london,711,4,31,55
1627,london,235,4,10,32
1628,london,314,5,14,30
1629,london,26047,2,30,338
1630,london,163,0,26,14
1631,london,3625,2,13,99
1632,love,1551,2,28,78
1633,love,351,0,20,7
1634,love,2505,4,17,225
1635,love,792,2,35,72
1636,love,1481,24,32,160
1637,love,1,0,31,13
1638,love,1020,4,12,60
1639,love,414,12,28,93
1640,love,133,0,27,40
1641,love,314,1,30,36
1642,love,15,1,8,4
1643,love,4983,3,22,39
1644,love,58,4,4,6
1645,love,1823,4,9,109
1646,love,958,0,25,10
1647,love,930,1,21,82
1648,love,247,0,30,31
1649,love,112,0,4,10
1650,love,0,1,30,12
1651,mensstyle,469,8,32,26
1652,mensstyle,713,0,13,4
1653,mensstyle,78,2,11,9
1654,mensstyle,55145,108,0,2024
1655,mensstyle,41865,18,30,1131
1656,mensstyle,334,2,0,57
1657,mensstyle,1452,0,23,55
1658,mensstyle,1344,0,13,6
1659,mensstyle,2050,0,24,14
1660,mensstyle,766,0,21,30
1661,minesota,88,0,29,7
1662,minesota,3009,1,27,52
1663,minesota,2188,2,12,27
1664,minesota,19,1,22,1
1665,minesota,3864,0,11,5
1666,minesota,1384,0,13,32
1667,minesota,45,7,28,20
1668,minesota,1306,1,30,5
1669,minesota,1306,0,30,3
1670,minesota,1306,1,30,5
1671,NBA,557,0,5,14
1672,NBA,37,0,24,0
1673,NBA,1102,6,30,153
1674,NBA,30,0,6,4
1675,NBA,9,0,30,12
1676,NBA,16203,30,3,75
1677,NBA,1057,0,11,58
1678,NBA,1847,0,8,33
1679,NBA,378,0,29,12
1680,newyear,445,0,2,17
1681,newyear,2841,1,30,12
1682,newyear,1025,1,16,51
1683,newyear,272,1,12,28
1684,newyear,8807,17,7,249
1685,newyear,271,10,13,69
1686,newyear,16905,1,0,97
1687,newyear,24,0,15,3
1688,newyear,10779,0,20,5
1689,newyear,35321,0,30,70
1690,newyork,53,0,16,14
1691,newyork,201,7,10,20
1692,newyork,909,1,31,5
1693,newyork,424,0,14,6
1694,newyork,271,1,29,26
1695,newyork,277,1,19,22
1696,newyork,1325,10,10,231
1697,newyork,9879,0,33,58
1698,newyork,53,0,16,14
1699,newyork,201,7,10,20
1700,newyork,907,1,31,5
1701,newyork,424,0,14,6
1702,newyork,271,1,29,26
1703,newyork,277,1,19,22
1704,newyork,12,1,30,6
1705,newyork,1325,10,10,231
1706,newyork,9889,0,33,59
1707,newyork,2841,1,30,12
1708,newyork,47,1,30,5
1709,newyork,6225,0,30,5
1710,newyork,135,1,15,18
1711,newyork,539,0,20,9
1712,newyork,2390,0,8,9
1713,newyork,90,0,8,6
1714,newyork,17,0,11,1
1715,perfumes,662,0,30,26
1716,perfumes,166,0,4,1
1717,perfumes,838,0,30,1
1718,perfumes,283,0,23,19
1719,perfumes,212,0,16,7
1720,perfumes,2278,1,0,13
1721,perfumes,3303,0,19,5
1722,perfumes,31,0,30,1
1723,perfumes,3934,0,10,8
1724,perfumes,838,0,30,5
1725,photography,737,0,21,14
1726,photography,55584,0,30,18
1727,photography,7341,0,30,13
1728,photography,12,1,30,10
1729,photography,151,2,29,13
1730,photography,526,2,10,38
1731,photography,731,3,30,115
1732,photography,53,0,30,21
1733,photography,185,1,15,8
1734,photography,11393,0,33,2
1735,photography,193,0,30,51
1736,photography,969,22,27,58
1737,photography,261,0,13,13
1738,photography,1117,4,8,55
1739,photography,666,0,30,17
1740,photography,3048,0,30,50
1741,photography,2628,0,28,52
1742,photography,640,16,30,100
1743,photography,1982,4,17,73
1744,play,192,0,30,16
1745,play,2470,1,13,140
1746,play,188,0,19,1
1747,play,192,0,30,23
1748,play,4870,5,9,126
1749,play,25,1,12,2
1750,play,11559,5,24,167
1751,play,3801,10,31,225
1752,play,12,0,30,10
1753,play,146,2,8,17
1754,programing,66,0,15,10
1755,programing,66,2,27,13
1756,programing,86,0,16,1
1757,programing,674,0,30,9
1758,programing,25,0,29,3
1759,programing,86,1,16,2
1760,programing,45,1,2,2
1761,programing,86,0,16,2
1762,programing,3992,4,30,196
1763,programing,735,3,27,28
1764,puppy,1181,4,27,48
1765,puppy,266,2,16,19
1766,puppy,357,2,10,14
1767,puppy,124,1,21,17
1768,puppy,11415,99,30,1001
1769,puppy,26722,37,0,1037
1770,puppy,50,4,27,9
1771,puppy,358,4,31,70
1772,puppy,1330,3,30,58
1773,puppy,255,1,5,12
1774,puppy,102,1,4,13
1775,puppy,222,1,21,16
1776,puppy,58,3,4,15
1777,puppy,207,5,27,51
1778,puppy,134,4,24,39
1779,puppy,349,4,6,41
1780,puppy,22,1,15,5
1781,puppy,13,0,1,0
1782,qoute,84,0,11,3
1783,qoute,10959,0,19,129
1784,qoute,739,0,30,14
1785,qoute,579,4,28,35
1786,qoute,16534,3,25,71
1787,qoute,6538,1,19,91
1788,qoute,178,4,30,22
1789,qoute,23,2,26,4
1790,qoute,192,3,2,4
1791,qoute,192,4,2,6
1792,qoute,192,5,2,14
1793,qoute,23,0,26,3
1794,qoute,1321,3,30,52
1795,qoute,128,0,30,19
1796,qoute,2650,22,27,72
1797,qoute,1442,3,10,8
1798,qoute,334,0,13,8
1799,qoute,4243,0,30,89
1800,qoute,41,0,6,38
1801,ronaldo,53691,9,30,1425
1802,ronaldo,0,0,14,0
1803,ronaldo,102,1,25,19
1804,ronaldo,9776,0,30,56
1805,ronaldo,3650,1,25,79
1806,ronaldo,120,1,4,50
1807,ronaldo,550,0,23,10
1808,ronaldo,49,0,17,8
1809,ronaldo,39,1,30,23
1810,ronaldo,0,0,11,1
1811,ronaldo,193,37,14,37
1812,ronaldo,52,0,28,4
1813,ronaldo,81,0,30,10
1814,ronaldo,267585,23,0,6833
1815,ronaldo,562761,13,0,3155
1816,ronaldo,3049,0,27,62
1817,ronaldo,262464,27,27,2568
1818,ronaldo,7657,1,28,147
1819,ronaldo,75,1,9,6
1820,sale,144,0,7,2
1821,sale,6298,17,26,113
1822,sale,8312,0,30,6
1823,sale,500,0,3,6
1824,sale,419,0,10,41
1825,sale,11,0,3,1
1826,sale,1403,0,3,1
1827,sale,105998,0,28,98
1828,sale,43,0,2,1
1829,sale,914,2,30,48
1830,sale,216,1,32,13
1831,sale,11,0,3,1
1832,sale,232994,0,25,154
1833,sale,1443,5,11,45
1834,sale,4301,0,11,3
1835,sale,1560,5,25,19
1836,sale,11,0,3,1
1837,sale,1209,1,7,11
1838,sale,346,0,22,3
1839,sale,11,0,3,0
1840,sell,122,1,18,3
1841,sell,126,1,20,12
1842,sell,29,0,18,8
1843,sell,3918,1,20,54
1844,sell,31384,9,29,154
1845,sell,102,0,12,5
1846,sell,19,0,18,5
1847,sell,211,12,30,31
1848,sell,70,0,8,0
1849,sell,134,0,6,15
1850,sell,1075,5,30,94
1851,sell,3155,7,0,48
1852,sell,1001,0,10,8
1853,sell,68,1,13,7
1854,sell,1032,1,22,24
1855,sell,2035,4,30,16
1856,sell,598,2,6,20
1857,sell,21756,0,23,13
1858,sell,1012,4,31,64
1859,sell,1362,4,1,65
1860,seo,33,0,2,1
1861,seo,146,0,24,18
1862,seo,88,1,2,4
1863,seo,33,0,30,7
1864,seo,4481,13,0,543
1865,seo,97,2,0,12
1866,seo,14,0,18,2
1867,seo,2993,4,8,54
1868,seo,3651,0,30,7
1869,seo,238,1,17,5
1870,snake,4222,0,29,75
1871,snake,1069,17,17,110
1872,snake,15,2,34,18
1873,snake,562,0,15,24
1874,snake,10,0,13,5
1875,snake,764,0,12,91
1876,snake,1293,0,7,19
1877,snake,26286,12,0,4108
1878,snake,92,0,30,13
1879,snake,94,2,20,9
1880,snow,193,0,14,27
1881,snow,365,2,3,39
1882,snow,379,0,23,15
1883,snow,952,16,25,1457
1884,snow,54,0,11,1
1885,snow,1373,16,26,166
1886,snow,369,0,4,13
1887,snow,174,0,16,15
1888,snow,2468,1,30,134
1889,snow,174,5,5,29
1890,snow,135,2,22,73
1891,snow,151,1,26,16
1892,snow,166,2,28,24
1893,snow,137,0,7,5
1894,snow,2601,15,13,471
1895,snow,481,0,31,57
1896,snow,317,16,4,67
1897,snow,1631,11,15,93
1898,soft,95,0,27,13
1899,soft,54,4,13,23
1900,soft,30,0,19,11
1901,soft,349,1,25,13
1902,soft,154,0,10,0
1903,soft,258,10,28,89
1904,soft,378,2,6,8
1905,soft,7,0,27,11
1906,soft,7,0,31,6
1907,soft,576,20,28,42
1908,soft,630,2,27,45
1909,soft,5436,12,13,222
1910,soft,1,0,13,6
1911,soft,290,0,3,33
1912,soft,80,0,11,32
1913,soft,7657,0,11,43
1914,soft,501,0,8,31
1915,soft,183,1,30,7
1916,soft,1420,11,28,283
1917,sport,3,0,30,8
1918,sport,84,0,23,6
1919,sport,546,0,30,17
1920,sport,76,0,14,11
1921,sport,82,0,5,7
1922,sport,42795,6,28,515
1923,sport,564,0,29,6
1924,sport,10727,0,21,77
1925,sport,6,0,26,2
1926,sport,30,0,15,4
1927,stock,29,0,5,6
1928,stock,98,0,11,28
1929,stock,1465,7,11,36
1930,stock,74,0,26,14
1931,stock,35,0,19,9
1932,stock,408,0,5,11
1933,stock,11,0,6,1
1934,stock,74,0,26,13
1935,stock,97,0,27,6
1936,stock,95,0,14,2
1937,summer,1077,2,20,28
1938,summer,54,3,30,7
1939,summer,4426,2,3,16
1940,summer,2294,0,24,46
1941,summer,727,2,5,17
1942,summer,1269,12,30,166
1943,summer,258,0,16,31
1944,summer,1670,16,30,71
1945,summer,1646,12,30,82
1946,summer,1077,0,7,15
1947,summer,995,0,24,30
1948,summer,4106,9,4,69
1949,summer,371,0,30,51
1950,summer,2089,7,29,67
1951,summer,1870,3,28,25
1952,summer,221,0,30,33
1953,summer,210,1,3,23
1954,summer,289,3,13,32
1955,swim,1050,4,29,50
1956,swim,238,2,28,15
1957,swim,1398,0,9,11
1958,swim,1299,0,15,94
1959,swim,1404,11,20,70
1960,swim,2152,4,28,28
1961,swim,2343,2,30,73
1962,swim,1730,4,25,88
1963,swim,439,0,2,8
1964,swim,683,6,13,23
1965,swim,209,0,8,39
1966,swim,959,38,6,227
1967,swim,4298,40,30,170
1968,swim,8195,74,30,205
1969,swim,415,1,6,53
1970,swim,720,1,5,46
1971,swim,481,0,19,25
1972,swim,6131,1,30,32
1973,tattooart,1808,0,20,58
1974,tattooart,321,0,15,23
1975,tattooart,7536,20,33,384
1976,tattooart,1519,2,19,35
1977,tattooart,39121,5,30,1513
1978,tattooart,5563,11,0,153
1979,tattooart,173,0,27,14
1980,tattooart,8240,1,18,84
1981,tattooart,1086,0,30,19
1982,tattooart,178,0,20,12
1983,tattooart,576,0,12,20
1984,tattooart,2328,2,23,64
1985,tattooart,794,0,25,31
1986,tattooart,13173,0,28,21
1987,tattooart,330,1,28,20
1988,tattooart,2318,1,29,46
1989,tattooart,4072,2,29,110
1990,tattooart,3576,5,9,115
1991,tattooart,4501,7,25,297
1992,tattooart,65,0,9,40
1993,travel,208,0,27,12
1994,travel,436,0,22,32
1995,travel,14998,0,31,194
1996,travel,160,0,30,1
1997,travel,1375,4,29,63
1998,travel,334,1,16,3
1999,travel,15904,0,10,79
2000,travel,53858,8,29,1680
2001,travel,7,0,30,3
2002,trump,1268,3,30,35
2003,trump,113,0,36,0
2004,trump,167104,96,0,2876
2005,trump,338110,107,0,4287
2006,trump,268674,169,0,4106
2007,trump,78,0,30,28
2008,trump,59,1,19,3
2009,trump,179,0,11,2
2010,trump,549,1,24,31
2011,trump,354647,604,0,19583
2012,university,19790,1,16,476
2013,university,578,0,17,9
2014,university,444,0,23,35
2015,university,2598,0,22,174
2016,university,208,2,22,13
2017,university,20,0,30,13
2018,university,484,0,14,4
2019,university,1902,0,29,51
2020,university,484,0,14,2
2021,university,719,2,13,73
2022,university,484,0,14,2
2023,university,41,0,21,3
2024,university,1963,0,26,33
2025,university,484,0,14,6
2026,university,334,2,17,32
2027,university,26,0,12,6
2028,university,164,0,21,1
2029,university,7,0,15,3
2030,university,7,0,14,5
2031,university,386,0,25,23
2032,university,19790,1,16,476
2033,university,578,0,17,9
2034,university,444,0,23,35
2035,university,2598,0,22,174
2036,university,208,2,22,13
2037,university,20,0,30,13
2038,university,484,0,14,4
2039,university,1902,0,29,51
2040,university,484,0,14,2
2041,university,719,2,13,73
2042,university,484,0,14,2
2043,university,41,0,21,3
2044,university,1963,0,26,33
2045,university,484,0,14,6
2046,university,334,2,17,32
2047,university,26,0,12,6
2048,university,164,0,21,1
2049,university,8,0,15,3
2050,university,8,0,14,5
2051,university,386,0,25,23
2052,USA,121,7,16,24
2053,USA,181,0,28,6
2054,USA,38,0,30,5
2055,USA,1281,0,28,5
2056,USA,7,0,7,0
2057,USA,113,0,30,14
2058,USA,1640,6,28,94
2059,wolf,991,0,5,21
2060,wolf,192,0,10,12
2061,wolf,4602,3,5,29
2062,wolf,34022,4,30,428
2063,wolf,1087,0,30,42
2064,wolf,247,0,30,31
2065,wolf,78,9,15,24
2066,wolf,14,0,4,6
2067,wolf,636,0,8,25
2068,wolf,70,0,6,13
2069,wolf,2742,6,12,114
2070,wolf,0,0,29,5
2071,wolf,1576,0,7,4
2072,wolf,1116,1,15,130
2073,wolf,16,0,20,10
2074,wolf,1576,0,6,4
2075,wolf,2220,0,24,21
2076,wolf,310,0,30,8
2077,wolf,3796,1,25,91
2078,women,755,0,29,14
2079,women,644,0,31,6
2080,women,34136,2,18,37
2081,women,606,0,0,318
2082,women,121,2,6,11
2083,women,130,3,30,25
2084,women,46,0,18,2
2085,women,10368,1,30,54
2086,word,54084,2,27,170
2087,word,26150,4,30,739
2088,word,13048,0,30,4
2089,word,95,0,29,14
2090,word,7,0,15,5
2091,word,209,1,21,4
2092,word,1475,10,30,23
2093,word,209,0,21,3
2094,word,209,0,21,2
2095,word,209,0,21,2
2096,word,209,0,21,4
2097,word,219,0,30,7
2098,word,209,0,21,1
2099,word,209,0,21,1
2100,word,510,1,28,20
2101,word,1350,0,25,6
2102,word,2123,8,1,72
2103,word,13048,0,30,2
2104,word,2835,2,29,35
2105,word,74,0,25,4
2106,workathome,3184,0,24,17
2107,workathome,54946,1,0,19
2108,workathome,70,1,22,24
2109,workathome,1832,0,11,45
2110,workathome,59,0,19,3
2111,workathome,9281,1,30,4
2112,workathome,69,1,30,3
2113,workathome,232,0,16,11
2114,workathome,213,11,10,25
2115,workathome,1497,8,0,69
2116,workathome,849,4,14,27
2117,workathome,13009,4,0,60
2118,workathome,13252,3,12,268
2119,workathome,91,0,11,4
2120,workathome,29,0,13,5
2121,workathome,137,2,15,12
2122,workathome,853,0,30,75
2123,workathome,853,5,29,93
2124,workathome,812,1,9,56
2125,workathome,38,1,1,4
2126,workonline,115,0,30,6
2127,workonline,2177,3,0,19
2128,workonline,682,6,24,118
2129,workonline,3775,0,24,17
2130,workonline,569,1,29,20
2131,workonline,1584,6,0,41
2132,workonline,36,0,30,10
2133,workonline,216,0,30,0
2134,workonline,15,0,17,0
2135,workonline,2998,2,13,131
2136,world,478,0,12,22
2137,world,155,1,23,6
2138,world,1683,0,30,34
2139,world,1201,1,20,67
2140,world,206,0,30,31
2141,world,1159,4,4,20
2142,world,2760,17,28,118
2143,world,1386,0,19,4
2144,world,63,0,30,7
2145,world,155,2,25,3
2146,world,67250,0,30,14
2147,world,469,1,30,36
2148,world,2001,28,15,74
2149,world,72,0,8,7
2150,world,1386,0,19,4
2151,world,450272,260,19,8369
2152,world,42,0,29,17
2153,world,478,0,12,22
2154,world,155,1,23,6
2155,world,1683,0,30,34
2156,world,1201,1,20,67
2157,world,206,0,30,31
2158,world,1159,4,4,20
2159,world,2760,17,28,118
2160,world,1386,0,19,4
2161,world,63,0,30,7
2162,world,155,2,25,3
2163,world,67250,0,30,14
2164,world,469,1,30,36
2165,world,2002,28,15,74
2166,world,72,0,8,7
2167,world,1386,0,19,4
2168,world,450271,260,19,8371
2169,world,42,0,29,17
